House,Duration,Peak,Volume,Outdoor_Events_x,Above_avg_vol,Above_avg_dur,Above_avg_peak,Outdoor_Events_y,City,Region,Outdoor_User
102,35470,696.88,675.22,0,0,0,0,0,Denver,Midwest,0
104,17750,316.32,414.87,0,0,0,0,0,Denver,Midwest,0
105,36880,1136.4,649.97,0,0,1,1,0,Denver,Midwest,0
106,38570,549.74,797.84,0,1,1,0,0,Denver,Midwest,0
107,44520,547.93,257.05,0,0,1,0,0,Denver,Midwest,0
108,12400,245.21,329.5,0,0,0,0,0,Denver,Midwest,0
109,13370,81.31,157.34,0,0,0,0,0,Denver,Midwest,0
110,24710,591.45,414.71,0,0,0,0,0,Denver,Midwest,0
111,10740,233.79,293.69,0,0,0,0,0,Denver,Midwest,0
112,17530,650.37,351.51,0,0,0,0,0,Denver,Midwest,0
114,18650,246.67,241.33,0,0,0,0,0,Denver,Midwest,0
116,14500,253.23,273.17,0,0,0,0,0,Denver,Midwest,0
118,16330,478.64,350.43,0,0,0,0,0,Denver,Midwest,0
119,13200,400.57,196.31,0,0,0,0,0,Denver,Midwest,0
120,19770,270.19,581.82,0,0,0,0,0,Denver,Midwest,0
121,27810,589.15,373.65,0,0,0,0,0,Denver,Midwest,0
122,14150,283.25,382.22,0,0,0,0,0,Denver,Midwest,0
123,35120,539.07,794.15,0,1,0,0,0,Denver,Midwest,0
124,61670,1094.23,627.99,0,0,1,1,0,Denver,Midwest,0
125,13970,351.76,326.96,0,0,0,0,0,Denver,Midwest,0
127,19180,413.95,508.48,0,0,0,0,0,Denver,Midwest,0
129,22460,678.69,279.69,0,0,0,0,0,Denver,Midwest,0
131,32510,905.88,857.83,0,1,0,1,4,Denver,Midwest,1
132,16910,606.75,357.85,0,0,0,0,0,Denver,Midwest,0
133,18640,196.57,494.08,0,0,0,0,0,Denver,Midwest,0
134,38410,656.71,400.43,0,0,1,0,1,Denver,Midwest,1
135,20580,599.29,412.09,0,0,0,0,0,Denver,Midwest,0
136,22200,375.1,465.53,0,0,0,0,0,Denver,Midwest,0
137,18910,292.32,508.77,0,0,0,0,0,Denver,Midwest,0
138,16110,401.83,555.24,0,0,0,0,0,Denver,Midwest,0
139,18590,422.88,269.45,0,0,0,0,0,Denver,Midwest,0
140,16300,641.29,307.94,0,0,0,0,0,Denver,Midwest,0
141,18890,525.78,499.77,0,0,0,0,0,Denver,Midwest,0
144,30370,677.61,701.42,0,1,0,0,22,Denver,Midwest,1
145,6120,213.25,64.54,0,0,0,0,0,Denver,Midwest,0
148,57790,1508.18,1250.67,0,1,1,1,0,Denver,Midwest,0
149,24440,370.59,466.34,0,0,0,0,0,Denver,Midwest,0
150,48000,735.88,396.94,0,0,1,1,0,Denver,Midwest,0
151,35790,846.26,308.39,0,0,0,1,0,Denver,Midwest,0
153,36200,445.34,777.71,0,1,1,0,0,Denver,Midwest,0
155,82420,1159.57,1092.94,0,1,1,1,0,Denver,Midwest,0
156,37450,952.19,725.96,0,1,1,1,0,Denver,Midwest,0
157,43010,848.29,664.12,0,0,1,1,0,Denver,Midwest,0
158,22660,528.21,401.29,0,0,0,0,0,Denver,Midwest,0
159,19650,598.85,382.26,0,0,0,0,2,Denver,Midwest,1
160,18740,392.78,299.21,0,0,0,0,0,Denver,Midwest,0
161,26660,437.59,269.8,0,0,0,0,3,Denver,Midwest,1
163,33460,520.4,723.35,0,1,0,0,0,Denver,Midwest,0
164,27060,668.21,572.31,0,0,0,0,0,Denver,Midwest,0
167,66180,1035.42,1319.76,0,1,1,1,0,Denver,Midwest,0
168,9670,226.43,176.65,0,0,0,0,0,Denver,Midwest,0
170,38560,1078.24,919.37,0,1,1,1,1,Denver,Midwest,1
171,21670,570.08,469.01,0,0,0,0,0,Denver,Midwest,0
172,46790,1388.19,491.59,0,0,1,1,2,Denver,Midwest,1
174,24080,548.3,485.32,0,0,0,0,1,Denver,Midwest,1
175,59960,754.23,734.12,0,1,1,1,0,Denver,Midwest,0
176,9270,192.08,264.24,0,0,0,0,0,Denver,Midwest,0
180,95180,2337.4,1299.03,0,1,1,1,6,Denver,Midwest,1
181,22640,816.89,460.99,0,0,0,1,0,Denver,Midwest,0
182,29460,608.74,539.74,0,0,0,0,0,Denver,Midwest,0
183,35600,422.3,466.51,0,0,0,0,0,Denver,Midwest,0
184,63180,1101.04,1199.2,0,1,1,1,0,Denver,Midwest,0
185,12410,435.25,235.17,0,0,0,0,26,Denver,Midwest,1
186,10430,255.05,190.04,0,0,0,0,0,Denver,Midwest,0
187,11040,367.73,168.85,0,0,0,0,0,Denver,Midwest,0
189,28290,646.43,621.52,0,0,0,0,0,Denver,Midwest,0
190,19460,386.33,482.36,0,0,0,0,0,Denver,Midwest,0
191,52630,592.39,1577.35,0,1,1,0,0,Denver,Midwest,0
193,239840,1330.17,1135.13,0,1,1,1,0,Denver,Midwest,0
194,23390,289.02,581.86,0,0,0,0,0,Denver,Midwest,0
195,20700,515.95,840.39,0,1,0,0,0,Denver,Midwest,0
197,42080,722.14,1068.66,0,1,1,0,1,Denver,Midwest,1
198,20180,307,344.02,0,0,0,0,0,Denver,Midwest,0
199,4830,121.6,48.81,0,0,0,0,0,Denver,Midwest,0
200,37240,884.07,1000.11,0,1,1,1,0,Denver,Midwest,0
201,6930,205.97,161.77,0,0,0,0,0,Denver,Midwest,0
202,4510,191.18,63.26,0,0,0,0,0,Denver,Midwest,0
203,31300,399.18,388.5,0,0,0,0,0,Denver,Midwest,0
205,25720,644.94,855.48,0,1,0,0,0,Denver,Midwest,0
206,66620,2917.15,1600.56,0,1,1,1,0,Denver,Midwest,0
207,88940,1089.64,804.48,0,1,1,1,0,Denver,Midwest,0
208,20450,374.16,236.11,0,0,0,0,0,Denver,Midwest,0
209,23720,510.37,684.44,0,0,0,0,0,Denver,Midwest,0
210,10660,46.42,349.73,0,0,0,0,0,Denver,Midwest,0
213,48120,782.82,1067.18,0,1,1,1,0,Denver,Midwest,0
214,47590,734.01,1163.12,0,1,1,1,0,Denver,Midwest,0
216,35170,785.44,928.09,0,1,0,1,0,Denver,Midwest,0
218,71060,1576.96,1122.02,0,1,1,1,0,Denver,Midwest,0
219,59390,826.3,1812.17,0,1,1,1,0,Denver,Midwest,0
220,45590,1099.87,1147.24,0,1,1,1,1,Denver,Midwest,1
221,51580,739.54,1467.82,0,1,1,1,0,Denver,Midwest,0
222,43300,815.98,911.11,0,1,1,1,0,Denver,Midwest,0
223,46360,722.26,983.45,0,1,1,0,0,Denver,Midwest,0
224,52660,984.6,1047.87,0,1,1,1,0,Denver,Midwest,0
225,26410,937.54,511.92,0,0,0,1,0,Denver,Midwest,0
226,31630,763,666.08,0,0,0,1,0,Denver,Midwest,0
230,43100,1296.7,802.86,0,1,1,1,15,Fort Collins,Midwest,1
231,69090,832.54,1163.16,0,1,1,1,10,Fort Collins,Midwest,1
232,59470,964.19,677.29,0,0,1,1,5,Fort Collins,Midwest,1
233,14470,290.67,280.72,0,0,0,0,0,Fort Collins,Midwest,0
234,35470,669.87,784.75,0,1,0,0,14,Fort Collins,Midwest,1
235,37280,739.85,665.2,0,0,1,1,19,Fort Collins,Midwest,1
236,28290,292.42,448.79,0,0,0,0,1,Fort Collins,Midwest,1
237,18670,513.79,442.67,0,0,0,0,2,Fort Collins,Midwest,1
239,10940,541.64,254.93,0,0,0,0,1,Fort Collins,Midwest,1
240,25320,709.85,523.81,0,0,0,0,19,Fort Collins,Midwest,1
243,20080,471.97,395.03,0,0,0,0,17,Fort Collins,Midwest,1
246,43250,1371.99,1109.54,0,1,1,1,12,Fort Collins,Midwest,1
250,57690,1259.5,1049.64,0,1,1,1,6,Fort Collins,Midwest,1
251,29010,800.09,855.69,0,1,0,1,25,Fort Collins,Midwest,1
252,99740,2146.82,2191.98,0,1,1,1,5,Fort Collins,Midwest,1
253,13030,445.24,260.31,0,0,0,0,7,Fort Collins,Midwest,1
254,34180,792.31,679.49,0,0,0,1,2,Fort Collins,Midwest,1
255,52870,693.67,1395.13,0,1,1,0,9,Fort Collins,Midwest,1
256,39700,751.76,771.69,0,1,1,1,4,Fort Collins,Midwest,1
257,12340,608.31,193.07,0,0,0,0,0,Fort Collins,Midwest,0
258,34370,664.45,777.55,0,1,0,0,6,Fort Collins,Midwest,1
259,16360,255.33,134.03,0,0,0,0,0,Fort Collins,Midwest,0
260,30760,469.91,517.48,0,0,0,0,14,Fort Collins,Midwest,1
261,35430,697.11,358.62,0,0,0,0,8,Fort Collins,Midwest,1
262,11350,451.08,226.13,0,0,0,0,0,Fort Collins,Midwest,0
263,17710,418.76,291.43,0,0,0,0,4,Fort Collins,Midwest,1
264,8230,134.06,252.93,0,0,0,0,0,Fort Collins,Midwest,0
265,19110,501.71,238.39,0,0,0,0,0,Fort Collins,Midwest,0
266,26890,421.67,599.16,0,0,0,0,0,Fort Collins,Midwest,0
268,43270,872.01,989.34,0,1,1,1,30,Fort Collins,Midwest,1
269,7850,178.32,192.17,0,0,0,0,0,Fort Collins,Midwest,0
270,63580,1036.7,1129.67,0,1,1,1,14,Fort Collins,Midwest,1
271,9570,238.17,97.37,0,0,0,0,0,Fort Collins,Midwest,0
272,75920,1340.68,859.94,0,1,1,1,32,Fort Collins,Midwest,1
273,47070,956.68,440.76,0,0,1,1,5,Fort Collins,Midwest,1
274,8050,288,89.28,0,0,0,0,0,Fort Collins,Midwest,0
275,80240,1214.18,1856.7,0,1,1,1,20,Fort Collins,Midwest,1
276,42770,1117.67,884.94,0,1,1,1,7,Fort Collins,Midwest,1
277,43230,1002.06,497.36,0,0,1,1,1,Fort Collins,Midwest,1
278,21540,525.08,509.91,0,0,0,0,1,Fort Collins,Midwest,1
279,34500,692.65,468.87,0,0,0,0,3,Fort Collins,Midwest,1
280,26160,882.11,453.77,0,0,0,1,4,Fort Collins,Midwest,1
281,30360,814.93,953.36,0,1,0,1,21,Fort Collins,Midwest,1
282,20040,485.5,436.23,0,0,0,0,7,Fort Collins,Midwest,1
283,23240,370.42,413.25,0,0,0,0,1,Fort Collins,Midwest,1
284,18200,636.26,338.34,0,0,0,0,0,Fort Collins,Midwest,0
285,58640,1340,832.29,0,1,1,1,5,Fort Collins,Midwest,1
286,38080,1073.94,849.93,0,1,1,1,4,Fort Collins,Midwest,1
287,52150,1135.42,483.55,0,0,1,1,23,Fort Collins,Midwest,1
288,33340,945.51,559.86,0,0,0,1,14,Fort Collins,Midwest,1
289,18610,337.13,484.02,0,0,0,0,3,Fort Collins,Midwest,1
290,26130,459.44,332.79,0,0,0,0,2,Fort Collins,Midwest,1
291,14960,109.6,272.89,0,0,0,0,0,Fort Collins,Midwest,0
295,56250,755.44,742.89,0,1,1,1,3,Fort Collins,Midwest,1
296,22010,479.92,524.85,0,0,0,0,11,Fort Collins,Midwest,1
299,31620,1078.13,614,0,0,0,1,23,Fort Collins,Midwest,1
300,65930,1080.12,1146.67,0,1,1,1,0,Fort Collins,Midwest,0
301,38390,1027.03,645.65,0,0,1,1,16,Fort Collins,Midwest,1
302,26970,901,557.23,0,0,0,1,0,Fort Collins,Midwest,0
304,46660,946.88,1420.87,0,1,1,1,12,Fort Collins,Midwest,1
308,34880,934.88,577.02,0,0,0,1,4,Fort Collins,Midwest,1
310,41850,852.57,1540.82,0,1,1,1,15,Fort Collins,Midwest,1
311,103440,2090.54,1430.33,0,1,1,1,66,Fort Collins,Midwest,1
313,25800,669.15,408.08,0,0,0,0,27,Fort Collins,Midwest,1
316,15020,460.7,246.16,0,0,0,0,7,Fort Collins,Midwest,1
318,13140,387.49,272.85,0,0,0,0,3,Fort Collins,Midwest,1
319,42800,747.89,849.32,0,1,1,1,11,Fort Collins,Midwest,1
321,32110,519.87,501.74,0,0,0,0,14,Fort Collins,Midwest,1
322,47560,1019.11,1238.21,0,1,1,1,72,Fort Collins,Midwest,1
323,37790,636.97,811.71,0,1,1,0,1,Fort Collins,Midwest,1
325,49300,1246.74,894.51,0,1,1,1,9,Fort Collins,Midwest,1
326,41760,1033.17,980.89,0,1,1,1,14,Fort Collins,Midwest,1
327,11080,166.39,290.61,0,0,0,0,14,Fort Collins,Midwest,1
336,34090,766.58,440.22,0,0,0,1,7,Fort Collins,Midwest,1
338,10960,313.12,161.38,0,0,0,0,5,Fort Collins,Midwest,1
339,31020,294.06,456.84,0,0,0,0,13,Fort Collins,Midwest,1
340,36190,628.19,718.37,0,1,1,0,43,Fort Collins,Midwest,1
341,13470,334.26,187.02,0,0,0,0,19,Fort Collins,Midwest,1
343,24430,574.68,413.6,0,0,0,0,6,Fort Collins,Midwest,1
345,68140,974.74,1268.83,0,1,1,1,25,Fort Collins,Midwest,1
346,61530,1182.18,1491.57,0,1,1,1,2,Fort Collins,Midwest,1
348,21860,552.08,410.66,0,0,0,0,10,Fort Collins,Midwest,1
350,33950,892.58,684.39,0,0,0,1,28,Fort Collins,Midwest,1
352,34910,1002.06,724.15,0,1,0,1,23,Fort Collins,Midwest,1
354,36500,510.44,457.79,0,0,1,0,3,Fort Collins,Midwest,1
356,27190,450.17,720.66,0,1,0,0,6,Fort Collins,Midwest,1
357,28890,471.78,487.42,0,0,0,0,29,Fort Collins,Midwest,1
359,24700,806.55,413.86,0,0,0,1,0,Fort Collins,Midwest,0
370,39240,627.59,861.31,0,1,1,0,10,Scottsdale,Southwest,1
371,46260,1253.15,720.56,0,1,1,1,17,Scottsdale,Southwest,1
372,25910,379.8,668.09,0,0,0,0,12,Scottsdale,Southwest,1
373,13970,446.04,281.91,0,0,0,0,7,Scottsdale,Southwest,1
374,42110,738.03,803.13,0,1,1,1,8,Scottsdale,Southwest,1
375,64850,1297.05,1301.19,0,1,1,1,22,Scottsdale,Southwest,1
376,9430,282.86,336.08,0,0,0,0,37,Scottsdale,Southwest,1
377,9890,344.69,293.61,0,0,0,0,10,Scottsdale,Southwest,1
378,70360,2029.96,835.07,0,1,1,1,2,Scottsdale,Southwest,1
379,35170,1137.66,745.4,0,1,0,1,20,Scottsdale,Southwest,1
380,52510,1059.09,1410.33,0,1,1,1,14,Scottsdale,Southwest,1
381,36970,1242.07,803.36,0,1,1,1,236,Scottsdale,Southwest,1
382,26230,743.7,538.56,0,0,0,1,29,Scottsdale,Southwest,1
383,180,15.9,3.01,0,0,0,0,33,Scottsdale,Southwest,1
384,25630,731.05,494.02,0,0,0,1,26,Scottsdale,Southwest,1
385,39060,1156.48,749.54,0,1,1,1,40,Scottsdale,Southwest,1
387,48790,1163.72,1041.98,0,1,1,1,25,Scottsdale,Southwest,1
388,13430,217.58,374.56,0,0,0,0,6,Scottsdale,Southwest,1
389,39060,448.87,573.43,0,0,1,0,34,Scottsdale,Southwest,1
390,2980,108.85,63.92,0,0,0,0,38,Scottsdale,Southwest,1
392,37990,698.03,1050.57,0,1,1,0,27,Scottsdale,Southwest,1
393,38100,1599.89,875.72,0,1,1,1,29,Scottsdale,Southwest,1
394,18050,379.97,560.38,0,0,0,0,3529,Scottsdale,Southwest,1
395,32250,915.88,1007.25,0,1,0,1,48,Scottsdale,Southwest,1
397,27930,500.95,623.54,0,0,0,0,15,Scottsdale,Southwest,1
398,58980,1664.83,801.76,0,1,1,1,62,Scottsdale,Southwest,1
399,22770,468.09,320.44,0,0,0,0,61,Scottsdale,Southwest,1
400,39080,1015.11,1005.31,0,1,1,1,16,Scottsdale,Southwest,1
404,230,2.27,3.46,0,0,0,0,6,Scottsdale,Southwest,1
405,41630,962.58,785.44,0,1,1,1,7,Scottsdale,Southwest,1
406,12820,378.28,276.89,0,0,0,0,23,Scottsdale,Southwest,1
407,21750,412.79,481.83,0,0,0,0,41,Scottsdale,Southwest,1
410,55140,2007.46,1390.24,0,1,1,1,48,Scottsdale,Southwest,1
411,20920,467.23,653,0,0,0,0,23,Scottsdale,Southwest,1
412,54220,1429.85,1263.22,0,1,1,1,31,Scottsdale,Southwest,1
413,27290,367.99,495.75,0,0,0,0,17,Scottsdale,Southwest,1
415,62320,1151.05,909.1,0,1,1,1,19,Scottsdale,Southwest,1
416,61540,1312.67,1487.76,0,1,1,1,14,Scottsdale,Southwest,1
417,32810,706.85,560.42,0,0,0,0,6,Scottsdale,Southwest,1
422,52640,1267.49,1339.09,0,1,1,1,36,Scottsdale,Southwest,1
425,48020,777.45,1075.6,0,1,1,1,54,Scottsdale,Southwest,1
428,58210,1275.94,1272.57,0,1,1,1,22,Scottsdale,Southwest,1
429,64770,1481.88,1447.91,0,1,1,1,26,Scottsdale,Southwest,1
431,25730,356.21,584.2,0,0,0,0,223,Scottsdale,Southwest,1
432,600,25.46,22.87,0,0,0,0,38,Scottsdale,Southwest,1
433,27990,767.68,595.13,0,0,0,1,25,Scottsdale,Southwest,1
436,31890,625.92,613.62,0,0,0,0,17,Scottsdale,Southwest,1
440,33750,657.15,1080.54,0,1,0,0,17,Scottsdale,Southwest,1
442,34480,508.3,619.65,0,0,0,0,47,Scottsdale,Southwest,1
443,1390,52.79,26.36,0,0,0,0,30,Scottsdale,Southwest,1
444,64490,1322.48,1678.73,0,1,1,1,465,Scottsdale,Southwest,1
445,35500,512.19,887.12,0,1,0,0,7,Scottsdale,Southwest,1
446,18140,215.21,451.92,0,0,0,0,5,Scottsdale,Southwest,1
447,32800,735.77,895.65,0,1,0,1,81,Scottsdale,Southwest,1
448,18640,466.41,337.22,0,0,0,0,5,Scottsdale,Southwest,1
449,23650,670.43,322.9,0,0,0,0,20,Scottsdale,Southwest,1
450,78320,1803.34,1282.58,0,1,1,1,7,Scottsdale,Southwest,1
451,8890,145.15,136.11,0,0,0,0,14,Scottsdale,Southwest,1
452,19710,453.12,337.87,0,0,0,0,22,Scottsdale,Southwest,1
453,10080,364.57,123.33,0,0,0,0,57,Scottsdale,Southwest,1
454,43000,1358.75,782.8,0,1,1,1,30,Scottsdale,Southwest,1
455,3200,168.15,79.03,0,0,0,0,7,Scottsdale,Southwest,1
456,46770,598.63,781.96,0,1,1,0,12,Scottsdale,Southwest,1
457,15860,365.75,234.27,0,0,0,0,46,Scottsdale,Southwest,1
458,24630,598.78,398.17,0,0,0,0,26,Scottsdale,Southwest,1
459,21730,371.64,297.87,0,0,0,0,16,Scottsdale,Southwest,1
460,48490,920.58,1050.88,0,1,1,1,24,Scottsdale,Southwest,1
461,30040,1099.94,714.29,0,1,0,1,15,Scottsdale,Southwest,1
462,25730,560.45,450.17,0,0,0,0,19,Scottsdale,Southwest,1
463,35400,1081.36,715.57,0,1,0,1,1892,Scottsdale,Southwest,1
464,68270,1619.05,1388.83,0,1,1,1,61,Scottsdale,Southwest,1
465,18500,611.5,636.11,0,0,0,0,21,Scottsdale,Southwest,1
466,60940,957.4,1361.45,0,1,1,1,39,Scottsdale,Southwest,1
467,31140,1020.74,608.65,0,0,0,1,22,Scottsdale,Southwest,1
468,40970,651.91,300.73,0,0,1,0,12,Scottsdale,Southwest,1
469,36430,680.57,990.74,0,1,1,0,62,Scottsdale,Southwest,1
470,61770,1069.61,1677.3,0,1,1,1,30,Scottsdale,Southwest,1
471,22130,217.89,165.51,0,0,0,0,14,Scottsdale,Southwest,1
472,27790,498.75,703.25,0,1,0,0,62,Scottsdale,Southwest,1
474,92110,1862.47,936.65,0,1,1,1,40,Scottsdale,Southwest,1
475,36040,883.82,315.68,0,0,0,1,25,Scottsdale,Southwest,1
476,20620,494.2,428.88,0,0,0,0,19,Scottsdale,Southwest,1
477,9950,202.43,335.99,0,0,0,0,1,Scottsdale,Southwest,1
478,7640,228.22,173.99,0,0,0,0,5,Scottsdale,Southwest,1
479,22460,309.14,192.87,0,0,0,0,28,Scottsdale,Southwest,1
480,105740,1446.9,1841.71,0,1,1,1,78,Scottsdale,Southwest,1
481,38110,773.08,523.03,0,0,1,1,31,Scottsdale,Southwest,1
482,21630,287.38,517.01,0,0,0,0,0,Scottsdale,Southwest,0
483,48940,886.21,1975.47,0,1,1,1,34,Scottsdale,Southwest,1
484,82820,1464.35,1785.11,0,1,1,1,17,Scottsdale,Southwest,1
485,13420,448.24,268.91,0,0,0,0,9,Scottsdale,Southwest,1
486,27700,487.52,500.12,0,0,0,0,20,Scottsdale,Southwest,1
487,22200,293.24,724.71,0,1,0,0,0,Scottsdale,Southwest,0
488,29980,581.04,712.76,0,1,0,0,17,Scottsdale,Southwest,1
489,4260,44.24,178.11,0,0,0,0,6,Scottsdale,Southwest,1
500,9660,198.51,125.77,0,0,0,0,1,San Antonio,Southwest,1
501,11930,133.79,134.86,0,0,0,0,0,San Antonio,Southwest,0
502,30120,524.47,638.35,0,0,0,0,1,San Antonio,Southwest,1
504,12950,267.38,147.12,0,0,0,0,1,San Antonio,Southwest,1
505,21240,489.87,352.82,0,0,0,0,2,San Antonio,Southwest,1
506,15290,215.44,245.9,0,0,0,0,0,San Antonio,Southwest,0
507,47790,918.62,798.26,0,1,1,1,16,San Antonio,Southwest,1
508,27600,475.12,396.87,0,0,0,0,8,San Antonio,Southwest,1
509,29650,593.49,743.45,0,1,0,0,3,San Antonio,Southwest,1
512,39690,445.16,976.84,0,1,1,0,4,San Antonio,Southwest,1
513,22490,516.41,513.89,0,0,0,0,0,San Antonio,Southwest,0
514,66910,705.63,1208.52,0,1,1,0,5,San Antonio,Southwest,1
515,17940,362.37,351.06,0,0,0,0,8,San Antonio,Southwest,1
517,32060,870.38,455.58,0,0,0,1,0,San Antonio,Southwest,0
518,21970,826.69,394.59,0,0,0,1,0,San Antonio,Southwest,0
519,10450,242.06,282.75,0,0,0,0,13,San Antonio,Southwest,1
520,18850,169.09,89.8,0,0,0,0,0,San Antonio,Southwest,0
521,30470,1052.56,628.65,0,0,0,1,7,San Antonio,Southwest,1
522,69240,513.68,719.28,0,1,1,0,17,San Antonio,Southwest,1
523,45810,775.26,1024.98,0,1,1,1,5,San Antonio,Southwest,1
524,40330,933.73,1301.33,0,1,1,1,6,San Antonio,Southwest,1
525,45440,567.97,560.89,0,0,1,0,10,San Antonio,Southwest,1
527,45410,1106.78,654.25,0,0,1,1,75,San Antonio,Southwest,1
528,19690,189.25,392.39,0,0,0,0,4,San Antonio,Southwest,1
529,72590,966.9,1747,0,1,1,1,2,San Antonio,Southwest,1
530,44410,925.39,876.25,0,1,1,1,14,San Antonio,Southwest,1
531,58350,862.46,1394.53,0,1,1,1,5,San Antonio,Southwest,1
533,21470,495.55,395.52,0,0,0,0,10,San Antonio,Southwest,1
534,47430,1443.7,1220.87,0,1,1,1,19,San Antonio,Southwest,1
535,17080,294.07,170.33,0,0,0,0,6,San Antonio,Southwest,1
536,22020,194.66,452.61,0,0,0,0,4,San Antonio,Southwest,1
537,54350,890.79,1171.12,0,1,1,1,4,San Antonio,Southwest,1
538,46980,993.19,811.4,0,1,1,1,23,San Antonio,Southwest,1
539,61270,769,668.08,0,0,1,1,9,San Antonio,Southwest,1
540,20930,281.3,389.19,0,0,0,0,0,San Antonio,Southwest,0
541,25890,375.89,442.11,0,0,0,0,7,San Antonio,Southwest,1
542,31130,664.37,986.88,0,1,0,0,0,San Antonio,Southwest,0
543,24820,462.11,397.51,0,0,0,0,8,San Antonio,Southwest,1
544,3460,86.06,43.27,0,0,0,0,2,San Antonio,Southwest,1
545,37420,600.37,869.81,0,1,1,0,21,San Antonio,Southwest,1
546,25730,548.69,510.16,0,0,0,0,2,San Antonio,Southwest,1
547,40110,761.03,1335.02,0,1,1,1,6,San Antonio,Southwest,1
549,59360,939.04,1462.87,0,1,1,1,4,San Antonio,Southwest,1
550,40630,776.75,593.33,0,0,1,1,3,San Antonio,Southwest,1
552,40340,709.99,746.3,0,1,1,0,0,San Antonio,Southwest,0
553,23480,475.49,518.778,0,0,0,0,4,San Antonio,Southwest,1
555,15260,223.73,324.94,0,0,0,0,7,San Antonio,Southwest,1
557,33350,463.98,819.47,0,1,0,0,3,San Antonio,Southwest,1
558,65130,837.66,2375.52,0,1,1,1,0,San Antonio,Southwest,0
559,43510,468.85,651.68,0,0,1,0,4,San Antonio,Southwest,1
560,30950,561.84,683.11,0,0,0,0,9,San Antonio,Southwest,1
561,41000,949.06,1145.55,0,1,1,1,1,San Antonio,Southwest,1
562,6160,63.03,132.42,0,0,0,0,13,San Antonio,Southwest,1
563,6700,132.71,88.07,0,0,0,0,1,San Antonio,Southwest,1
564,18270,622,370.96,0,0,0,0,0,San Antonio,Southwest,0
566,24670,547.88,566.62,0,0,0,0,6,San Antonio,Southwest,1
572,45880,1528.02,904.07,0,1,1,1,43,San Antonio,Southwest,1
573,6050,108.02,106.35,0,0,0,0,1,San Antonio,Southwest,1
574,27510,528.84,496.17,0,0,0,0,12,San Antonio,Southwest,1
575,30030,303.09,734.34,0,1,0,0,1,San Antonio,Southwest,1
576,13830,184.49,292.1,0,0,0,0,0,San Antonio,Southwest,0
578,19430,316.58,331.85,0,0,0,0,5,San Antonio,Southwest,1
579,47610,465.56,1063.88,0,1,1,0,16,San Antonio,Southwest,1
580,7730,158.84,155.1,0,0,0,0,0,San Antonio,Southwest,0
582,57610,746.51,1261.51,0,1,1,1,2,San Antonio,Southwest,1
583,14670,305.34,274.15,0,0,0,0,1,San Antonio,Southwest,1
584,11470,237.69,259.68,0,0,0,0,8,San Antonio,Southwest,1
585,33340,720.59,993.3,0,1,0,0,15,San Antonio,Southwest,1
586,24670,401.48,620.57,0,0,0,0,1,San Antonio,Southwest,1
587,16960,398.59,710.07,0,1,0,0,18,San Antonio,Southwest,1
588,63130,1097.6,1208.55,0,1,1,1,5,San Antonio,Southwest,1
589,24400,655.93,605.01,0,0,0,0,15,San Antonio,Southwest,1
590,8700,174.06,184.99,0,0,0,0,4,San Antonio,Southwest,1
591,11270,291.89,267.31,0,0,0,0,1,San Antonio,Southwest,1
592,22260,645.4,369.75,0,0,0,0,0,San Antonio,Southwest,0
593,10880,184.05,259.32,0,0,0,0,4,San Antonio,Southwest,1
594,42550,446.16,653.36,0,0,1,0,1,San Antonio,Southwest,1
595,44340,572.94,548.5,0,0,1,0,11,San Antonio,Southwest,1
596,17390,347.59,400.22,0,0,0,0,11,San Antonio,Southwest,1
597,3370,52.39,66.67,0,0,0,0,0,San Antonio,Southwest,0
598,44970,505.88,630.06,0,0,1,0,2,San Antonio,Southwest,1
600,35020,627.1,365.47,0,0,0,0,4,San Antonio,Southwest,1
601,690,8.7,15.36,0,0,0,0,0,San Antonio,Southwest,0
602,53310,846.1,1150.66,0,1,1,1,1,San Antonio,Southwest,1
603,2930,75.91,68.48,0,0,0,0,0,San Antonio,Southwest,0
604,7150,83.36,252.07,0,0,0,0,0,San Antonio,Southwest,0
605,16070,280.28,450.77,0,0,0,0,15,San Antonio,Southwest,1
606,44670,616.09,992.78,0,1,1,0,2,San Antonio,Southwest,1
607,30540,513.84,807.41,0,1,0,0,5,San Antonio,Southwest,1
609,8810,148.51,177.1,0,0,0,0,2,San Antonio,Southwest,1
610,25270,720.58,594.42,0,0,0,0,21,San Antonio,Southwest,1
704,21250,316.89,423.16,0,0,0,0,4,Clayton County,Southeast,1
705,35660,763.84,532.39,0,0,0,1,2,Clayton County,Southeast,1
706,27650,376.25,580.4,0,0,0,0,1,Clayton County,Southeast,1
708,26710,502.88,684.63,0,0,0,0,0,Clayton County,Southeast,0
711,48110,385.75,824.6,0,1,1,0,4,Clayton County,Southeast,1
712,25690,240.65,487.73,0,0,0,0,0,Clayton County,Southeast,0
713,8760,192.34,167.69,0,0,0,0,0,Clayton County,Southeast,0
714,42530,794.25,1010.46,0,1,1,1,5,Clayton County,Southeast,1
715,21830,441.85,481.28,0,0,0,0,8,Clayton County,Southeast,1
716,14010,205.94,226.24,0,0,0,0,0,Clayton County,Southeast,0
717,2360,91.35,47.8,0,0,0,0,0,Clayton County,Southeast,0
718,14880,218.4,206.46,0,0,0,0,5,Clayton County,Southeast,1
719,48160,761.28,431.42,0,0,1,1,0,Clayton County,Southeast,0
720,26900,484.01,287.71,0,0,0,0,2,Clayton County,Southeast,1
721,40190,739.41,1025.44,0,1,1,1,3,Clayton County,Southeast,1
722,34720,620.5,453.12,0,0,0,0,0,Clayton County,Southeast,0
723,28100,421.65,710.59,0,1,0,0,3,Clayton County,Southeast,1
724,24530,450.73,406.22,0,0,0,0,1,Clayton County,Southeast,1
725,10360,277.2,180.85,0,0,0,0,0,Clayton County,Southeast,0
726,70890,1633.97,1368.92,0,1,1,1,0,Clayton County,Southeast,0
728,18200,290.92,265.13,0,0,0,0,0,Clayton County,Southeast,0
729,49500,403.99,1086.06,0,1,1,0,1,Clayton County,Southeast,1
730,12190,237.04,152.96,0,0,0,0,0,Clayton County,Southeast,0
731,25850,196.3,468.2,0,0,0,0,7,Clayton County,Southeast,1
732,10720,218.21,228.68,0,0,0,0,0,Clayton County,Southeast,0
734,11710,174.27,208.82,0,0,0,0,0,Clayton County,Southeast,0
735,15070,224.41,289.23,0,0,0,0,2,Clayton County,Southeast,1
737,4640,145.77,33.79,0,0,0,0,0,Clayton County,Southeast,0
738,14810,507.77,272.94,0,0,0,0,2,Clayton County,Southeast,1
739,16070,418.79,291.12,0,0,0,0,0,Clayton County,Southeast,0
740,26150,713.32,288.73,0,0,0,0,0,Clayton County,Southeast,0
741,39700,711.49,545.29,0,0,1,0,0,Clayton County,Southeast,0
742,25030,208.6,829.23,0,1,0,0,0,Clayton County,Southeast,0
743,6940,111.49,144.32,0,0,0,0,0,Clayton County,Southeast,0
744,16580,161.28,422,0,0,0,0,0,Clayton County,Southeast,0
745,26110,749.36,417.35,0,0,0,1,24,Clayton County,Southeast,1
746,13320,316.61,273.39,0,0,0,0,0,Clayton County,Southeast,0
747,12400,266.78,223.65,0,0,0,0,27,Clayton County,Southeast,1
748,8600,143.91,58.03,0,0,0,0,0,Clayton County,Southeast,0
749,42970,648.4,890.91,0,1,1,0,0,Clayton County,Southeast,0
750,14280,226.15,306.64,0,0,0,0,4,Clayton County,Southeast,1
752,13300,198.98,352.87,0,0,0,0,0,Clayton County,Southeast,0
753,42370,643.74,954.43,0,1,1,0,0,Clayton County,Southeast,0
754,17260,252.67,375.69,0,0,0,0,0,Clayton County,Southeast,0
755,19430,384.62,450.92,0,0,0,0,0,Clayton County,Southeast,0
756,24960,423.89,470.48,0,0,0,0,0,Clayton County,Southeast,0
757,26020,793.72,481.26,0,0,0,1,3,Clayton County,Southeast,1
758,17600,330.58,382.99,0,0,0,0,0,Clayton County,Southeast,0
759,22390,249.53,439.86,0,0,0,0,0,Clayton County,Southeast,0
760,6020,153.09,92.72,0,0,0,0,4,Clayton County,Southeast,1
761,25230,276.53,542.05,0,0,0,0,0,Clayton County,Southeast,0
763,26780,631.62,415.18,0,0,0,0,0,Clayton County,Southeast,0
764,28040,336.06,591.81,0,0,0,0,5,Clayton County,Southeast,1
765,27940,347.8,456.48,0,0,0,0,1,Clayton County,Southeast,1
766,12140,139.08,343.38,0,0,0,0,0,Clayton County,Southeast,0
767,22080,251.15,349.77,0,0,0,0,2,Clayton County,Southeast,1
768,33550,585.71,974.55,0,1,0,0,0,Clayton County,Southeast,0
769,14460,218.28,372.8,0,0,0,0,4,Clayton County,Southeast,1
770,13490,342.07,299.79,0,0,0,0,0,Clayton County,Southeast,0
771,36080,729.59,659.24,0,0,0,1,0,Clayton County,Southeast,0
772,55500,427.48,1207.58,0,1,1,0,0,Clayton County,Southeast,0
774,51130,1036.13,823.71,0,1,1,1,0,Clayton County,Southeast,0
775,28720,545.98,414.45,0,0,0,0,0,Clayton County,Southeast,0
776,32390,390.34,682.44,0,0,0,0,0,Clayton County,Southeast,0
777,49380,1250.89,1256.62,0,1,1,1,5,Clayton County,Southeast,1
778,24940,266.32,527.35,0,0,0,0,0,Clayton County,Southeast,0
779,30770,426.43,1146.4,0,1,0,0,0,Clayton County,Southeast,0
780,30670,710.76,621.88,0,0,0,0,3,Clayton County,Southeast,1
781,44660,842.12,1130.5,0,1,1,1,1,Clayton County,Southeast,1
782,37970,684.3,523.27,0,0,1,0,0,Clayton County,Southeast,0
783,43720,433.52,965.82,0,1,1,0,1,Clayton County,Southeast,1
784,43320,394.51,623.73,0,0,1,0,1,Clayton County,Southeast,1
785,31420,451.8,668.69,0,0,0,0,0,Clayton County,Southeast,0
786,36720,1064.06,539.85,0,0,1,1,0,Clayton County,Southeast,0
787,55710,1349.48,1079.17,0,1,1,1,1,Clayton County,Southeast,1
788,35300,799.5,573.34,0,0,0,1,0,Clayton County,Southeast,0
789,27740,451.75,383.54,0,0,0,0,20,Clayton County,Southeast,1
790,106770,587.08,2438.54,0,1,1,0,1,Clayton County,Southeast,1
792,58220,761.42,1033.43,0,1,1,1,1,Clayton County,Southeast,1
793,31400,786.08,842.34,0,1,0,1,0,Clayton County,Southeast,0
794,51850,515.85,1075.46,0,1,1,0,0,Clayton County,Southeast,0
795,22120,310.05,379.74,0,0,0,0,2,Clayton County,Southeast,1
796,41780,832.31,867.28,0,1,1,1,9,Clayton County,Southeast,1
797,81810,1372.63,1263,0,1,1,1,0,Clayton County,Southeast,0
798,73420,1416.65,1602.87,0,1,1,1,14,Clayton County,Southeast,1
799,99310,1141.3,2341.08,0,1,1,1,0,Clayton County,Southeast,0
800,38620,742.23,634.93,0,0,1,1,0,Clayton County,Southeast,0
801,40490,502.72,872.67,0,1,1,0,30,Clayton County,Southeast,1
802,52540,872.46,797.24,0,1,1,1,2,Clayton County,Southeast,1
803,94700,1287.71,2055.16,0,1,1,1,5,Clayton County,Southeast,1
804,51640,594.36,1309.97,0,1,1,0,7,Clayton County,Southeast,1
805,42780,387.43,1026.41,0,1,1,0,3,Clayton County,Southeast,1
806,24790,167.1,598,0,0,0,0,5,Clayton County,Southeast,1
808,56630,465.14,1115.3,0,1,1,0,6,Clayton County,Southeast,1
809,138460,2707.51,2757.7,0,1,1,1,2,Clayton County,Southeast,1
810,47910,412.31,935.58,0,1,1,0,0,Clayton County,Southeast,0
825,13610,372.18,404.62,0,0,0,0,3,Toho,Southeast,1
827,33670,815.26,596.32,0,0,0,1,0,Toho,Southeast,0
828,11360,281.04,214.51,0,0,0,0,0,Toho,Southeast,0
829,19230,494.62,432.12,0,0,0,0,2,Toho,Southeast,1
830,24110,595.14,523.19,0,0,0,0,0,Toho,Southeast,0
832,12540,308.65,317.45,0,0,0,0,0,Toho,Southeast,0
833,17240,558.4,353.5,0,0,0,0,0,Toho,Southeast,0
835,60790,1635.05,1707.81,0,1,1,1,5,Toho,Southeast,1
836,33740,721.45,679.57,0,0,0,0,7,Toho,Southeast,1
837,17600,420.98,290.18,0,0,0,0,1,Toho,Southeast,1
839,27630,545.78,287.62,0,0,0,0,0,Toho,Southeast,0
840,24250,588.68,350.83,0,0,0,0,0,Toho,Southeast,0
841,36460,421.79,907.96,0,1,1,0,4,Toho,Southeast,1
842,22550,640.14,340.6,0,0,0,0,0,Toho,Southeast,0
843,21160,543.21,452.93,0,0,0,0,0,Toho,Southeast,0
847,61310,1212.16,987.74,0,1,1,1,0,Toho,Southeast,0
848,53650,1419.41,1028.7,0,1,1,1,0,Toho,Southeast,0
849,6740,164.78,122.69,0,0,0,0,1,Toho,Southeast,1
850,21780,437.88,352.36,0,0,0,0,0,Toho,Southeast,0
851,70030,1206.66,1230.12,0,1,1,1,0,Toho,Southeast,0
852,68460,1458.53,1366.82,0,1,1,1,0,Toho,Southeast,0
855,32380,700.22,526.78,0,0,0,0,0,Toho,Southeast,0
857,23800,336.3,438.87,0,0,0,0,0,Toho,Southeast,0
862,38300,920.94,835.57,0,1,1,1,0,Toho,Southeast,0
865,71940,1156.46,832.54,0,1,1,1,0,Toho,Southeast,0
866,14320,242.4,288.39,0,0,0,0,0,Toho,Southeast,0
867,37910,366.51,1005.06,0,1,1,0,0,Toho,Southeast,0
869,10,0.97,0.16,0,0,0,0,0,Toho,Southeast,0
870,38070,576.23,791.94,0,1,1,0,0,Toho,Southeast,0
871,74940,1839.43,1298.46,0,1,1,1,0,Toho,Southeast,0
872,21080,344.69,447.8,0,0,0,0,0,Toho,Southeast,0
873,34760,577.24,792.05,0,1,0,0,3,Toho,Southeast,1
875,30290,382.42,945.91,0,1,0,0,3,Toho,Southeast,1
876,11760,308.88,336.73,0,0,0,0,0,Toho,Southeast,0
877,26530,748.41,628.81,0,0,0,1,4,Toho,Southeast,1
878,33560,1012.78,620.35,0,0,0,1,3,Toho,Southeast,1
879,70570,1813.05,1191.49,0,1,1,1,4,Toho,Southeast,1
880,51230,1257.22,757.27,0,1,1,1,0,Toho,Southeast,0
882,18740,308.65,380.41,0,0,0,0,3,Toho,Southeast,1
883,53070,1125.59,746.15,0,1,1,1,5,Toho,Southeast,1
884,31630,519.76,497.73,0,0,0,0,4,Toho,Southeast,1
886,27170,515.53,543.62,0,0,0,0,0,Toho,Southeast,0
889,71320,980.41,1727.49,0,1,1,1,9,Toho,Southeast,1
890,22730,421.91,437.66,0,0,0,0,0,Toho,Southeast,0
891,50310,1170.35,1092.35,0,1,1,1,19,Toho,Southeast,1
892,21590,437.4,361.21,0,0,0,0,0,Toho,Southeast,0
893,33670,599.94,861.11,0,1,0,0,0,Toho,Southeast,0
895,91440,2099.66,1716.83,0,1,1,1,3,Toho,Southeast,1
897,102730,2436.55,1854.07,0,1,1,1,0,Toho,Southeast,0
901,46960,597.94,1320.1,0,1,1,0,0,Toho,Southeast,0
902,52780,1035.84,1097.05,0,1,1,1,2,Toho,Southeast,1
903,71630,1830.19,1290.73,0,1,1,1,0,Toho,Southeast,0
904,60460,945.56,827.93,0,1,1,1,0,Toho,Southeast,0
906,54780,1061.44,672.92,0,0,1,1,0,Toho,Southeast,0
907,33260,958.04,686.55,0,0,0,1,0,Toho,Southeast,0
908,59660,728.93,1453.54,0,1,1,1,23,Toho,Southeast,1
909,37790,901.18,688.73,0,0,1,1,22,Toho,Southeast,1
911,58730,1286.65,1061.52,0,1,1,1,0,Toho,Southeast,0
913,68850,1307.35,1506.46,0,1,1,1,0,Toho,Southeast,0
914,60120,810.79,1334.85,0,1,1,1,0,Toho,Southeast,0
915,26130,628.99,536.62,0,0,0,0,6,Toho,Southeast,1
916,89550,1440.05,1681.27,0,1,1,1,2,Toho,Southeast,1
917,71320,1382.9,1799.89,0,1,1,1,10,Toho,Southeast,1
1003,40340,1495.51,659.69,0,0,1,1,0,Peel,Northeast,0
1008,38340,1019.95,539.9,0,0,1,1,0,Peel,Northeast,0
1009,30420,602.32,842.53,0,1,0,0,0,Peel,Northeast,0
1010,54120,1097.7,644.98,0,0,1,1,0,Peel,Northeast,0
1011,47630,1095.79,771.4,0,1,1,1,0,Peel,Northeast,0
1012,79150,1436.47,1353.41,0,1,1,1,0,Peel,Northeast,0
1015,31270,826.74,508.95,0,0,0,1,0,Peel,Northeast,0
1018,36190,1296.78,804.03,0,1,1,1,0,Peel,Northeast,0
1022,96230,1238.1,1528.86,0,1,1,1,0,Peel,Northeast,0
1024,26530,608.68,535.51,0,0,0,0,0,Peel,Northeast,0
1027,36890,983.68,739.37,0,1,1,1,0,Peel,Northeast,0
1028,42080,1355.42,1084.75,0,1,1,1,0,Peel,Northeast,0
1029,28720,533.59,424.66,0,0,0,0,0,Peel,Northeast,0
1030,58390,1223.77,1147.83,0,1,1,1,0,Peel,Northeast,0
1031,25330,830.33,556.72,0,0,0,1,0,Peel,Northeast,0
1032,42270,662.98,1191.36,0,1,1,0,0,Peel,Northeast,0
1033,55370,1432.96,1270.33,0,1,1,1,0,Peel,Northeast,0
1034,28420,879.33,467.22,0,0,0,1,0,Peel,Northeast,0
1035,41310,739.19,561.6,0,0,1,1,0,Peel,Northeast,0
1036,24705,791.95,535.12,0,0,0,1,0,Peel,Northeast,0
1039,15980,568.95,213.29,0,0,0,0,0,Peel,Northeast,0
1040,96220,1934.06,2098.81,0,1,1,1,0,Peel,Northeast,0
1042,22000,599.04,343.28,0,0,0,0,0,Peel,Northeast,0
1043,32590,449.83,673.34,0,0,0,0,0,Peel,Northeast,0
1045,60570,1303.87,775.52,0,1,1,1,0,Peel,Northeast,0
1047,76520,2130.18,1094.68,0,1,1,1,0,Peel,Northeast,0
1049,105610,2496.2,1981.7,0,1,1,1,0,Peel,Northeast,0
1050,132790,2777.51,2314.4,0,1,1,1,0,Peel,Northeast,0
1051,27560,654.11,630.22,0,0,0,0,0,Peel,Northeast,0
1053,15540,439.26,461.65,0,0,0,0,0,Peel,Northeast,0
1054,26220,757.21,663.56,0,0,0,1,0,Peel,Northeast,0
1057,28810,680.65,519.72,0,0,0,0,0,Peel,Northeast,0
1058,51080,969.74,812.94,0,1,1,1,0,Peel,Northeast,0
1063,35680,953.29,703.42,0,1,0,1,0,Peel,Northeast,0
1067,83890,2549.98,1523.29,0,1,1,1,0,Peel,Northeast,0
1068,22580,398.11,564.52,0,0,0,0,0,Peel,Northeast,0
1069,33550,975.46,720.81,0,1,0,1,0,Peel,Northeast,0
1071,37750,1120.47,659.87,0,0,1,1,0,Peel,Northeast,0
1072,43260,777.01,561.84,0,0,1,1,0,Peel,Northeast,0
1076,73100,1520.91,1557.24,0,1,1,1,0,Peel,Northeast,0
1078,25180,488.47,547.1,0,0,0,0,0,Peel,Northeast,0
1080,16160,328.22,190.31,0,0,0,0,0,Peel,Northeast,0
1082,59050,1500.6,1391.44,0,1,1,1,0,Peel,Northeast,0
1083,57080,1264.22,1398,0,1,1,1,0,Peel,Northeast,0
1084,66310,1695.03,1278.8,0,1,1,1,0,Peel,Northeast,0
1085,17920,309.87,233.87,0,0,0,0,0,Peel,Northeast,0
1087,56510,1664.64,1498.3,0,1,1,1,0,Peel,Northeast,0
1089,99340,1650.65,1831.22,0,1,1,1,0,Peel,Northeast,0
1090,16380,397.12,284.2,0,0,0,0,0,Peel,Northeast,0
1094,48350,1043.61,628.41,0,0,1,1,0,Peel,Northeast,0
1104,32770,659.06,744.27,0,1,0,0,0,Peel,Northeast,0
1105,83160,1136.56,1986.26,0,1,1,1,0,Peel,Northeast,0
1109,53070,859.21,1451.05,0,1,1,1,0,Peel,Northeast,0
1110,63730,1631.52,1477.16,0,1,1,1,0,Peel,Northeast,0
1113,31230,850.37,706.3,0,1,0,1,0,Peel,Northeast,0
1114,53900,826.51,1171.32,0,1,1,1,0,Peel,Northeast,0
1115,30130,768.28,537.04,0,0,0,1,0,Peel,Northeast,0
1116,55330,1514.49,920.14,0,1,1,1,0,Peel,Northeast,0
1122,54410,1017.63,1268.62,0,1,1,1,0,Peel,Northeast,0
1201,17560,676.22,361.72,0,0,0,0,0,Waterloo,Northeast,0
1203,28280,1140.5,706,0,1,0,1,0,Waterloo,Northeast,0
1204,50920,1215.48,882.69,0,1,1,1,0,Waterloo,Northeast,0
1205,10300,255.68,152.53,0,0,0,0,0,Waterloo,Northeast,0
1206,12855,683.98,268.26,0,0,0,0,0,Waterloo,Northeast,0
1207,43050,1015.53,415.33,0,0,1,1,0,Waterloo,Northeast,0
1208,38890,1040.55,698.05,0,1,1,1,0,Waterloo,Northeast,0
1209,40580,1092.05,647.99,0,0,1,1,0,Waterloo,Northeast,0
1210,36250,822.17,952.66,0,1,1,1,0,Waterloo,Northeast,0
1211,24140,567.85,426.11,0,0,0,0,0,Waterloo,Northeast,0
1212,26690,587.88,568.802,0,0,0,0,0,Waterloo,Northeast,0
1214,14630,433.53,229.3,0,0,0,0,0,Waterloo,Northeast,0
1215,26260,864.38,278.86,0,0,0,1,0,Waterloo,Northeast,0
1216,20640,561.35,622.91,0,0,0,0,0,Waterloo,Northeast,0
1217,19450,403.76,503.91,0,0,0,0,0,Waterloo,Northeast,0
1218,68820,1695.44,1035.56,0,1,1,1,0,Waterloo,Northeast,0
1219,58000,1303.49,1169.18,0,1,1,1,0,Waterloo,Northeast,0
1220,20490,421.73,439.65,0,0,0,0,0,Waterloo,Northeast,0
1221,34900,978.22,730.46,0,1,0,1,0,Waterloo,Northeast,0
1222,19650,577.44,340.66,0,0,0,0,0,Waterloo,Northeast,0
1223,22430,529.62,379.58,0,0,0,0,0,Waterloo,Northeast,0
1224,25820,659.61,525.34,0,0,0,0,0,Waterloo,Northeast,0
1225,10950,354.24,256.99,0,0,0,0,0,Waterloo,Northeast,0
1226,14660,493.94,355.98,0,0,0,0,0,Waterloo,Northeast,0
1227,23750,630.07,614.71,0,0,0,0,0,Waterloo,Northeast,0
1228,35510,895.78,618.47,0,0,0,1,0,Waterloo,Northeast,0
1229,32430,832.89,532.79,0,0,0,1,0,Waterloo,Northeast,0
1231,7720,274.33,159.24,0,0,0,0,0,Waterloo,Northeast,0
1232,34770,1035.35,793.8,0,1,0,1,0,Waterloo,Northeast,0
1233,43150,1045.44,700.03,0,1,1,1,0,Waterloo,Northeast,0
1234,48000,1604.26,721.45,0,1,1,1,0,Waterloo,Northeast,0
1236,40930,689.13,785.31,0,1,1,0,0,Waterloo,Northeast,0
1237,27300,822.22,571.74,0,0,0,1,0,Waterloo,Northeast,0
1238,32740,516.13,821.3,0,1,0,0,0,Waterloo,Northeast,0
1239,20950,627.04,427.14,0,0,0,0,0,Waterloo,Northeast,0
1240,25850,830.49,379.99,0,0,0,1,0,Waterloo,Northeast,0
1241,18010,247.18,282.31,0,0,0,0,0,Waterloo,Northeast,0
1244,36960,918.48,784.81,0,1,1,1,0,Waterloo,Northeast,0
1246,26770,518.24,530.74,0,0,0,0,0,Waterloo,Northeast,0
1248,23890,526.95,377.66,0,0,0,0,0,Waterloo,Northeast,0
1255,33990,1188.99,423.22,0,0,0,1,0,Waterloo,Northeast,0
1256,19310,593.49,516.75,0,0,0,0,0,Waterloo,Northeast,0
1260,37780,359.48,735.09,0,1,1,0,0,Waterloo,Northeast,0
1264,55220,920.82,1695.48,0,1,1,1,0,Waterloo,Northeast,0
1265,43670,669.07,1269.8,0,1,1,0,0,Waterloo,Northeast,0
1269,21340,450.41,489.987,0,0,0,0,0,Waterloo,Northeast,0
1270,12140,345.05,332.65,0,0,0,0,0,Waterloo,Northeast,0
1272,57990,1129.53,1122.22,0,1,1,1,0,Waterloo,Northeast,0
1279,18830,436.54,282.17,0,0,0,0,0,Waterloo,Northeast,0
1283,26520,375.17,654.45,0,0,0,0,0,Waterloo,Northeast,0
1285,18640,703.11,278.75,0,0,0,0,0,Waterloo,Northeast,0
1287,67110,1536.35,1572.45,0,1,1,1,0,Waterloo,Northeast,0
1289,53200,1047.7,1368.34,0,1,1,1,0,Waterloo,Northeast,0
1291,50800,684.14,734.663,0,1,1,0,0,Waterloo,Northeast,0
1292,75570,1729.51,903.36,0,1,1,1,0,Waterloo,Northeast,0
1294,98520,1683.89,1719.69,0,1,1,1,0,Waterloo,Northeast,0
1297,30370,931.14,484.92,0,0,0,1,0,Waterloo,Northeast,0
1298,38520,739.49,427.75,0,0,1,1,0,Waterloo,Northeast,0
1300,163550,2094.44,1549.36,0,1,1,1,0,Waterloo,Northeast,0
1301,36580,762.86,778.03,0,1,1,1,0,Waterloo,Northeast,0
1303,33180,591.98,573.2,0,0,0,0,0,Waterloo,Northeast,0
1304,56050,893.92,1464.31,0,1,1,1,0,Waterloo,Northeast,0
1306,27650,591.31,863.47,0,1,0,0,0,Waterloo,Northeast,0
1307,27210,872.86,405.77,0,0,0,1,0,Waterloo,Northeast,0
1308,49330,1085.75,1119.42,0,1,1,1,0,Waterloo,Northeast,0
1309,53430,1170.46,1278.08,0,1,1,1,0,Waterloo,Northeast,0
1312,50700,855.68,1296.33,0,1,1,1,0,Waterloo,Northeast,0
1313,383030,12834.11,5086.48,0,1,1,1,0,Waterloo,Northeast,0
1314,104920,1687.8,1488.37,0,1,1,1,0,Waterloo,Northeast,0
1316,15090,820.15,311.1,0,0,0,1,0,Waterloo,Northeast,0
1401,14000,455.71,370.15,0,0,0,0,0,Tacoma,Northwest,0
1402,40650,394.73,490.21,0,0,1,0,0,Tacoma,Northwest,0
1403,13290,345.98,324.05,0,0,0,0,0,Tacoma,Northwest,0
1404,25930,580.58,328.16,0,0,0,0,0,Tacoma,Northwest,0
1405,29270,719.6,433.44,0,0,0,0,0,Tacoma,Northwest,0
1406,22830,101.02,237.07,0,0,0,0,0,Tacoma,Northwest,0
1407,22360,400.42,556.38,0,0,0,0,0,Tacoma,Northwest,0
1408,52550,657.4,746.79,0,1,1,0,0,Tacoma,Northwest,0
1409,23140,399.4,266.43,0,0,0,0,0,Tacoma,Northwest,0
1410,70240,1625.68,920.82,0,1,1,1,0,Tacoma,Northwest,0
1411,22360,384.49,471.67,0,0,0,0,0,Tacoma,Northwest,0
1412,37010,742.96,518.81,0,0,1,1,0,Tacoma,Northwest,0
1413,29220,694.05,589.6,0,0,0,0,0,Tacoma,Northwest,0
1414,11790,457.34,422.93,0,0,0,0,0,Tacoma,Northwest,0
1415,20080,195.12,455.67,0,0,0,0,0,Tacoma,Northwest,0
1416,26590,727.71,379.88,0,0,0,1,0,Tacoma,Northwest,0
1417,44690,575.09,652.46,0,0,1,0,0,Tacoma,Northwest,0
1418,16420,476.08,331.07,0,0,0,0,0,Tacoma,Northwest,0
1419,31540,539.88,719.2,0,1,0,0,0,Tacoma,Northwest,0
1420,48260,777.84,1094.55,0,1,1,1,0,Tacoma,Northwest,0
1421,34640,794.34,798.57,0,1,0,1,0,Tacoma,Northwest,0
1422,39650,943.65,805.76,0,1,1,1,0,Tacoma,Northwest,0
1423,47370,1109.65,945.55,0,1,1,1,0,Tacoma,Northwest,0
1424,31150,790.71,601.85,0,0,0,1,0,Tacoma,Northwest,0
1425,47040,411.8,665.72,0,0,1,0,0,Tacoma,Northwest,0
1426,43730,325.88,902.57,0,1,1,0,0,Tacoma,Northwest,0
1427,47660,937.44,1169.72,0,1,1,1,0,Tacoma,Northwest,0
1428,30560,569.91,733.55,0,1,0,0,0,Tacoma,Northwest,0
1429,12570,164.76,259.48,0,0,0,0,0,Tacoma,Northwest,0
1430,6250,68.67,102.06,0,0,0,0,0,Tacoma,Northwest,0
1431,32220,759.71,503.79,0,0,0,1,0,Tacoma,Northwest,0
1432,24900,430.43,615.67,0,0,0,0,0,Tacoma,Northwest,0
1433,59330,443.7,647.39,0,0,1,0,0,Tacoma,Northwest,0
1434,28420,342.73,242.64,0,0,0,0,0,Tacoma,Northwest,0
1435,28590,461.76,192.17,0,0,0,0,0,Tacoma,Northwest,0
1436,36500,906.39,524.37,0,0,1,1,0,Tacoma,Northwest,0
1437,35630,889.57,774.84,0,1,0,1,0,Tacoma,Northwest,0
1438,20540,455.77,469.27,0,0,0,0,0,Tacoma,Northwest,0
1439,26450,488.62,693.68,0,1,0,0,0,Tacoma,Northwest,0
1440,62000,1026.01,1045.22,0,1,1,1,0,Tacoma,Northwest,0
1441,51010,474.56,963.18,0,1,1,0,0,Tacoma,Northwest,0
1442,61260,777.35,1151.58,0,1,1,1,0,Tacoma,Northwest,0
1443,20080,404.02,348.52,0,0,0,0,0,Tacoma,Northwest,0
1444,73190,1180.65,1213.31,0,1,1,1,0,Tacoma,Northwest,0
1445,31750,897.91,650.99,0,0,0,1,0,Tacoma,Northwest,0
1446,31250,482.92,729.34,0,1,0,0,0,Tacoma,Northwest,0
1447,54240,644.38,802.61,0,1,1,0,0,Tacoma,Northwest,0
1448,42420,877.44,554.93,0,0,1,1,0,Tacoma,Northwest,0
1449,23040,398.97,366.39,0,0,0,0,0,Tacoma,Northwest,0
1450,87560,1482.7,2273.72,0,1,1,1,0,Tacoma,Northwest,0
1451,47170,629.75,622.51,0,0,1,0,0,Tacoma,Northwest,0
1452,36430,491.48,672.4,0,0,1,0,0,Tacoma,Northwest,0
1453,130130,2873.42,2430.41,0,1,1,1,0,Tacoma,Northwest,0
1454,7130,148,117.08,0,0,0,0,0,Tacoma,Northwest,0
1455,60570,752.81,696.52,0,1,1,1,0,Tacoma,Northwest,0
1456,82880,2050.88,2032.15,0,1,1,1,0,Tacoma,Northwest,0
1457,22150,433.57,428.78,0,0,0,0,0,Tacoma,Northwest,0
1458,21910,585.75,322.32,0,0,0,0,0,Tacoma,Northwest,0
1459,72970,834.1,968.34,0,1,1,1,0,Tacoma,Northwest,0
1460,23980,331.82,224.26,0,0,0,0,0,Tacoma,Northwest,0
1461,9330,160.67,106.69,0,0,0,0,0,Tacoma,Northwest,0
1462,26720,451.11,688.59,0,0,0,0,0,Tacoma,Northwest,0
1463,29100,372.93,538.02,0,0,0,0,0,Tacoma,Northwest,0
1464,16230,351.73,359.96,0,0,0,0,0,Tacoma,Northwest,0
1465,40290,912.17,707.79,0,1,1,1,0,Tacoma,Northwest,0
1466,62260,677.88,640.93,0,0,1,0,0,Tacoma,Northwest,0
1467,19870,571.08,489.77,0,0,0,0,0,Tacoma,Northwest,0
1468,19470,529.23,258.25,0,0,0,0,0,Tacoma,Northwest,0
1469,59940,1069.45,1159.48,0,1,1,1,0,Tacoma,Northwest,0
1470,39850,759.52,611.39,0,0,1,1,0,Tacoma,Northwest,0
1471,6050,107.66,112.55,0,0,0,0,0,Tacoma,Northwest,0
1472,76810,831.2,1266.51,0,1,1,1,0,Tacoma,Northwest,0
1473,24980,559.76,318.95,0,0,0,0,0,Tacoma,Northwest,0
1474,16560,403.02,362.18,0,0,0,0,0,Tacoma,Northwest,0
1475,85190,1569.21,1181.02,0,1,1,1,0,Tacoma,Northwest,0
1476,34250,602.55,881.13,0,1,0,0,0,Tacoma,Northwest,0
1477,35620,657.49,490.7,0,0,0,0,0,Tacoma,Northwest,0
1478,24940,707.56,543.7,0,0,0,0,0,Tacoma,Northwest,0
1479,17680,401.52,492.97,0,0,0,0,0,Tacoma,Northwest,0
1480,19800,421.56,463.77,0,0,0,0,0,Tacoma,Northwest,0
1481,65060,824.12,1004.19,0,1,1,1,0,Tacoma,Northwest,0
1482,63820,1071.56,1019.88,0,1,1,1,0,Tacoma,Northwest,0
1483,24550,345.27,784.4,0,1,0,0,0,Tacoma,Northwest,0
1484,27700,619.45,330.06,0,0,0,0,0,Tacoma,Northwest,0
1485,52920,1011.64,1106.37,0,1,1,1,0,Tacoma,Northwest,0
1486,26980,546,446.57,0,0,0,0,0,Tacoma,Northwest,0
1487,42080,978.82,621.38,0,0,1,1,0,Tacoma,Northwest,0
1488,5230,78.93,71.33,0,0,0,0,0,Tacoma,Northwest,0
1489,15780,525.74,377.62,0,0,0,0,0,Tacoma,Northwest,0
1490,12840,195.3,261.78,0,0,0,0,0,Tacoma,Northwest,0
1491,21510,612.24,366.32,0,0,0,0,0,Tacoma,Northwest,0
1492,20320,403.71,468.7,0,0,0,0,0,Tacoma,Northwest,0
1493,13250,185.61,187.93,0,0,0,0,0,Tacoma,Northwest,0
1494,14410,182.76,95.88,0,0,0,0,0,Tacoma,Northwest,0
1495,67880,938.38,747.49,0,1,1,1,0,Tacoma,Northwest,0
1496,25670,712.5,362.12,0,0,0,0,0,Tacoma,Northwest,0
1497,80660,1487.4,1058.87,0,1,1,1,0,Tacoma,Northwest,0
1498,10830,234.79,189.44,0,0,0,0,0,Tacoma,Northwest,0